algorithm,run,seed,point_index,f1,f2
MOABC,1,3466997040,1,0.8507061894793031,-0.772539095814921
MOABC,1,3466997040,2,0.0,1.0
MOABC,1,3466997040,3,0.8281999087951204,-0.4972265810493597
MOABC,1,3466997040,4,0.6481942386255763,-0.45225035784885764
MOABC,1,3466997040,5,0.6188213694120221,-0.1315107574901717
MOABC,1,3466997040,6,0.4534627871317075,-0.12417157831837253
MOABC,1,3466997040,7,0.41026987387619124,0.2390846314249033
MOABC,1,3466997040,8,0.2574513706201917,0.24217384536096295
MOABC,1,3466997040,9,0.18265292397456656,0.6674563103432941
MOABC,1,3466997040,10,0.08319805502549803,0.6696544102891999
MOABC,1,3466997040,11,0.8297100324775775,-0.5776218170327354
MOABC,1,3466997040,12,0.6391451481979387,-0.34085918685236877
MOABC,1,3466997040,13,0.8366053290683806,-0.6781832420608183
MOABC,1,3466997040,14,0.6453008728349743,-0.4394493924449979
MOABC,1,3466997040,15,0.8397084828813454,-0.6885038660065954
MOABC,1,3466997040,16,0.6239332429015751,-0.15704342873953214
MOABC,1,3466997040,17,0.6251772788642861,-0.23503222796165163
MOABC,1,3466997040,18,0.6307262778374891,-0.29822038847765125
MOABC,1,3466997040,19,0.6286189868523264,-0.23968917494499045
MOABC,1,3466997040,20,0.42184435506656415,0.08320367032343008
MOABC,1,3466997040,21,0.43762008330634194,-0.06614713718614348
MOABC,1,3466997040,22,0.41823257056693763,0.12675093342481641
MOABC,1,3466997040,23,0.6315871918320762,-0.3235571243682316
MOABC,1,3466997040,24,0.41180719459538484,0.20911315271676245
MOABC,1,3466997040,25,0.44156833823097463,-0.09061542348084939
MOABC,1,3466997040,26,0.4341638826135701,-0.03449555766435595
MOABC,1,3466997040,27,0.4156228150103387,0.16358977889293383
MOABC,1,3466997040,28,0.42547240131933933,0.05646855125991452
MOABC,1,3466997040,29,0.2126783226470539,0.45636333069758966
MOABC,1,3466997040,30,0.02709021950184699,0.8150379272359566
MOABC,1,3466997040,31,0.42940118533238936,0.0021293798438464795
MOABC,1,3466997040,32,0.2103697046309284,0.4740120740510407
MOABC,1,3466997040,33,0.0008935937329768908,0.9702209999718954
MOABC,1,3466997040,34,0.22754235786102026,0.34982856936009715
MOABC,1,3466997040,35,0.23052661015798484,0.3317183272617354
MOABC,1,3466997040,36,0.4169397689377141,0.142731205111658
MOABC,1,3466997040,37,0.21776850232568837,0.4181420360679825
MOABC,1,3466997040,38,0.0166425798208453,0.8626834956712435
MOABC,1,3466997040,39,0.21989335211651884,0.4024188148340444
MOABC,1,3466997040,40,0.23584728746204428,0.30632611171871676
MOABC,1,3466997040,41,0.44667497646815596,-0.11257769002622747
MOABC,1,3466997040,42,0.01979222187075246,0.8477863598778705
MOABC,1,3466997040,43,0.4270802078114622,0.026886690019683235
MOABC,1,3466997040,44,0.013755926040761049,0.8769529623286567
MOABC,1,3466997040,45,0.20807964629189302,0.4915958346880574
MOABC,1,3466997040,46,0.19123694903767963,0.6151017256678406
MOABC,1,3466997040,47,0.05262068975151332,0.7181661118051998
MOABC,1,3466997040,48,0.041843216031884255,0.7549669678210554
MOABC,1,3466997040,49,0.23311464607214682,0.3180073561183721
MOABC,1,3466997040,50,0.2045815545257573,0.5185107330154658
MOABC,1,3466997040,51,0.06877835798429599,0.6807465522785023
MOABC,1,3466997040,52,0.24329538443058585,0.2705627364712986
MOABC,1,3466997040,53,0.19355191621367834,0.5991682583809246
MOABC,1,3466997040,54,0.04539090208861654,0.7420341086453738
MOABC,1,3466997040,55,0.0078666399821529,0.9093815053330435
MOABC,1,3466997040,56,0.003069454448047385,0.9443018144388757
MOABC,1,3466997040,57,0.22220792651188298,0.3858546033374282
MOABC,1,3466997040,58,0.030295156895137648,0.8012716013080291
MOABC,1,3466997040,59,0.4235563456974714,0.06542743736606754
MOABC,1,3466997040,60,0.20660214840822194,0.5029196066681566
MOABC,1,3466997040,61,0.43123054611679207,-0.015082933810535054
MOABC,1,3466997040,62,0.22525897594723682,0.3648126669683483
MOABC,1,3466997040,63,0.2029654654247781,0.5317311434299529
MOABC,1,3466997040,64,0.44437127070838917,-0.10405347258729979
MOABC,1,3466997040,65,0.0046823272575375035,0.9308861796910125
MOABC,1,3466997040,66,0.2017448300459045,0.5466783159925948
MOABC,1,3466997040,67,0.032503930126257116,0.7919952833352983
MOABC,1,3466997040,68,0.02321258085260093,0.8321842111282877
MOABC,1,3466997040,69,0.0016922509563316091,0.9593655937746055
MOABC,1,3466997040,70,0.4137399449492995,0.18367639582415976
MOABC,1,3466997040,71,0.24756122538580405,0.25560977119544903
MOABC,1,3466997040,72,0.4273745161601771,0.022436956685131907
MOABC,1,3466997040,73,0.413315302577138,0.18921398772529152
MOABC,1,3466997040,74,0.18534069141677084,0.6518589130309355
MOABC,1,3466997040,75,0.03910160201513929,0.7654268423985168
MOABC,1,3466997040,76,0.1994628824184111,0.5568365861724753
MOABC,1,3466997040,77,0.006405146589684868,0.918687653841662
MOABC,1,3466997040,78,0.03536004589854791,0.7802717376097105
MOABC,1,3466997040,79,0.056390508119460184,0.7073057432933879
MOABC,1,3466997040,80,0.1952327855214956,0.5875547599427215
MOABC,1,3466997040,81,0.22401921289180907,0.37657836091948754
MOABC,1,3466997040,82,0.01075227317486284,0.8930257213422507
MOABC,1,3466997040,83,0.19807226120560426,0.5673540126025354
MOABC,1,3466997040,84,0.2151682324216976,0.43823845900462477
MOABC,1,3466997040,85,0.0638305271564525,0.6894597483427986
MOABC,1,3466997040,86,0.1893605933567624,0.6269653862024083
MOABC,1,3466997040,87,0.19691456661202023,0.5787343066682339
MOABC,1,3466997040,88,0.23831795089113192,0.2893793151377474
MOABC,1,3466997040,89,0.4324254004286475,-0.02576308986407324
MOABC,1,3466997040,90,0.21547730769272244,0.4351157352814384
MOABC,1,3466997040,91,0.23960666496724972,0.2835630443761833
MOABC,1,3466997040,92,0.18814613937175295,0.634792145236624
MOABC,1,3466997040,93,0.25289109281680777,0.2453407477660456
MOABC,1,3466997040,94,0.04923807904147063,0.7289102250244841
MOABC,1,3466997040,95,0.07503615705106408,0.673074444113566
MOABC,1,3466997040,96,0.24585347487895476,0.26044445321991044
MOABC,1,3466997040,97,0.18631523906392924,0.6460136763934393
MOABC,1,3466997040,98,0.022405921712548543,0.8365078227022955
MOABC,1,3466997040,99,0.0370621828700721,0.7734427660474752
MOABC,1,3466997040,100,0.011380274174115527,0.8893496722453944
MOABC,2,1865520359,1,0.0,1.0
MOABC,2,1865520359,2,0.8489035570431334,-0.769081768731784
MOABC,2,1865520359,3,0.8267624977738744,-0.5253318099186849
MOABC,2,1865520359,4,0.6223957464055934,-0.18810848772886168
MOABC,2,1865520359,5,0.6506278372666717,-0.45665029145022784
MOABC,2,1865520359,6,0.4552727710923291,-0.12377128786241844
MOABC,2,1865520359,7,0.41201457618623316,0.20626829623818463
MOABC,2,1865520359,8,0.25716596899545213,0.24220799373501356
MOABC,2,1865520359,9,0.18273197679388148,0.6668780928466596
MOABC,2,1865520359,10,0.08274930939914135,0.6696557381429145
MOABC,2,1865520359,11,0.8393347101089956,-0.6608599611491099
MOABC,2,1865520359,12,0.6336862077409413,-0.34485793134703896
MOABC,2,1865520359,13,0.6286675652551423,-0.2517648912502669
MOABC,2,1865520359,14,0.8328144763766407,-0.6073234933970096
MOABC,2,1865520359,15,0.6251946215782197,-0.2319719086038673
MOABC,2,1865520359,16,0.4155598221880022,0.16022085872771502
MOABC,2,1865520359,17,0.6363673965537322,-0.37439990310363325
MOABC,2,1865520359,18,0.4199491358849659,0.11466207453212812
MOABC,2,1865520359,19,0.8332559897943331,-0.6213020551105987
MOABC,2,1865520359,20,0.6440103739141464,-0.4330062793655876
MOABC,2,1865520359,21,0.43192573649190286,-0.020494082489213365
MOABC,2,1865520359,22,0.0036231827861094856,0.939587482243919
MOABC,2,1865520359,23,0.6394137156385659,-0.40400864847996504
MOABC,2,1865520359,24,0.428897600987587,0.007327272338001089
MOABC,2,1865520359,25,0.2233887695349443,0.3776175639593262
MOABC,2,1865520359,26,0.4145700943024955,0.17476278646056054
MOABC,2,1865520359,27,0.021812266800241124,0.8385059361341102
MOABC,2,1865520359,28,0.0010671659070656814,0.9674999886206327
MOABC,2,1865520359,29,0.43662571627284824,-0.058151103890201825
MOABC,2,1865520359,30,0.055573316211286077,0.7095773293872109
MOABC,2,1865520359,31,0.03994304613390382,0.7623054150407162
MOABC,2,1865520359,32,0.05105919087122176,0.7230062657269661
MOABC,2,1865520359,33,0.04342873727058479,0.7490977861034995
MOABC,2,1865520359,34,0.04731761270481383,0.7353241784598766
MOABC,2,1865520359,35,0.44060989190922595,-0.08354915379794352
MOABC,2,1865520359,36,0.2136316969361589,0.4491815560038732
MOABC,2,1865520359,37,0.0599135325757936,0.6981963517265624
MOABC,2,1865520359,38,0.018558656752060282,0.8541546174556703
MOABC,2,1865520359,39,0.21752951161636405,0.41995093286874885
MOABC,2,1865520359,40,0.423025372555405,0.06959185488132719
MOABC,2,1865520359,41,0.22841672892171536,0.3441814903025741
MOABC,2,1865520359,42,0.19825972216310558,0.5655782412775453
MOABC,2,1865520359,43,0.03613532051042076,0.7771496401909062
MOABC,2,1865520359,44,0.641162583351951,-0.41162783401882697
MOABC,2,1865520359,45,0.005069763864224058,0.9280012028412076
MOABC,2,1865520359,46,0.007714487827123501,0.910316426208651
MOABC,2,1865520359,47,0.43345014810467936,-0.03402976222371581
MOABC,2,1865520359,48,0.4213407318379462,0.08930836468385328
MOABC,2,1865520359,49,0.6478529923397381,-0.4512528559748616
MOABC,2,1865520359,50,0.21550864229585664,0.43487936424625584
MOABC,2,1865520359,51,0.2376107613690484,0.2927088106032595
MOABC,2,1865520359,52,0.4125622772372639,0.19906371024539857
MOABC,2,1865520359,53,0.2005413456649799,0.5490839343945061
MOABC,2,1865520359,54,0.2463418632068055,0.25895474105092503
MOABC,2,1865520359,55,0.25106515365478976,0.2480115036365679
MOABC,2,1865520359,56,0.03148140593613223,0.7969059885966252
MOABC,2,1865520359,57,0.21128636947194757,0.4676355498218191
MOABC,2,1865520359,58,0.1963309744949274,0.5794876635006877
MOABC,2,1865520359,59,0.20529534989453277,0.5129094224124429
MOABC,2,1865520359,60,0.0005031240415051541,0.9775616212080096
MOABC,2,1865520359,61,0.4439086310081115,-0.10203558618034188
MOABC,2,1865520359,62,0.20655524652982982,0.5033409746052465
MOABC,2,1865520359,63,0.19149288081063764,0.6130070498182808
MOABC,2,1865520359,64,0.011347029249542645,0.889522079799623
MOABC,2,1865520359,65,0.22052187321429506,0.3978915653055644
MOABC,2,1865520359,66,0.2088084937157307,0.486006143321592
MOABC,2,1865520359,67,0.02772207099444096,0.8122956500732124
MOABC,2,1865520359,68,0.4276954231902438,0.030840943189429586
MOABC,2,1865520359,69,0.015739898825334487,0.8670714511575401
MOABC,2,1865520359,70,0.01392071825665894,0.8761181459397346
MOABC,2,1865520359,71,0.4252635269833427,0.04472986470437551
MOABC,2,1865520359,72,0.435578394416522,-0.05049122398167576
MOABC,2,1865520359,73,0.2029374615254467,0.530838907351504
MOABC,2,1865520359,74,0.1943654937355999,0.5933568724904471
MOABC,2,1865520359,75,0.0648070472989327,0.6875101450143355
MOABC,2,1865520359,76,0.2433630685266344,0.2685943202939965
MOABC,2,1865520359,77,0.4243061174667571,0.05523166481780397
MOABC,2,1865520359,78,0.03350846872506264,0.7880070257668786
MOABC,2,1865520359,79,0.18610719464783626,0.6477877412973656
MOABC,2,1865520359,80,0.4468513742784102,-0.11312011528019161
MOABC,2,1865520359,81,0.00951781233831684,0.8996370132035935
MOABC,2,1865520359,82,0.23115948136832776,0.32737342330355207
MOABC,2,1865520359,83,0.21982930794116812,0.40288353391284215
MOABC,2,1865520359,84,0.42049277980934385,0.10185976309002089
MOABC,2,1865520359,85,0.4492386966963199,-0.11935898803362259
MOABC,2,1865520359,86,0.22558230407100044,0.3626429911172804
MOABC,2,1865520359,87,0.18498224816713543,0.6539764621823205
MOABC,2,1865520359,88,0.42781762522542943,0.017851169286232364
MOABC,2,1865520359,89,0.07032436704502731,0.6783431420368764
MOABC,2,1865520359,90,0.1930028908468388,0.6027720838750956
MOABC,2,1865520359,91,0.1885520790442356,0.6321339116543295
MOABC,2,1865520359,92,0.44156289918404995,-0.08956315772917653
MOABC,2,1865520359,93,0.18915879705213512,0.6285785521717653
MOABC,2,1865520359,94,0.22645573102009062,0.35684507329283605
MOABC,2,1865520359,95,0.23484462546856583,0.3066671183692958
MOABC,2,1865520359,96,0.20989226005706685,0.4776789805704819
MOABC,2,1865520359,97,0.02519702873687918,0.8233373480274567
MOABC,2,1865520359,98,0.20213615774422,0.5368503717265484
MOABC,2,1865520359,99,0.24022627463662016,0.28088047652223797
MOABC,2,1865520359,100,0.06718567032805986,0.6836705353512359
MOABC,3,2114576377,1,0.0,1.0
MOABC,3,2114576377,2,0.8575016979802177,-0.7502517117167282
MOABC,3,2114576377,3,0.8277798185004449,-0.543728137159789
MOABC,3,2114576377,4,0.6520331027967907,-0.4553134170076577
MOABC,3,2114576377,5,0.25776127139485866,0.24216108563415512
MOABC,3,2114576377,6,0.6188504441360337,-0.13208167251739467
MOABC,3,2114576377,7,0.41237276760263686,0.2038882429395686
MOABC,3,2114576377,8,0.4549374160743364,-0.12396551473972918
MOABC,3,2114576377,9,0.8354192918958935,-0.6633019037945697
MOABC,3,2114576377,10,0.18357426237817961,0.6644073159248535
MOABC,3,2114576377,11,0.08308740030433319,0.6696528833486853
MOABC,3,2114576377,12,0.8441574215921486,-0.7485373392253486
MOABC,3,2114576377,13,0.6296512819131987,-0.2985819085109264
MOABC,3,2114576377,14,0.6346649343656466,-0.3590782377881663
MOABC,3,2114576377,15,0.6216133643454519,-0.17876516393539485
MOABC,3,2114576377,16,0.6254226884706233,-0.2374509515051736
MOABC,3,2114576377,17,0.6382371563702668,-0.39404919456462145
MOABC,3,2114576377,18,0.6265336308782518,-0.2553488801413515
MOABC,3,2114576377,19,0.443197610061276,-0.09627285535706576
MOABC,3,2114576377,20,0.4154372307092208,0.16179295687623932
MOABC,3,2114576377,21,0.43941308211094554,-0.05725676607011662
MOABC,3,2114576377,22,0.6424444487259903,-0.42595460400125496
MOABC,3,2114576377,23,0.6200950468805322,-0.1534333975864388
MOABC,3,2114576377,24,0.4312893849727305,-0.015560350995955366
MOABC,3,2114576377,25,0.43478948014163615,-0.03714128084823982
MOABC,3,2114576377,26,0.0033150660847131464,0.9420814858699151
MOABC,3,2114576377,27,0.4125334364750911,0.19944236243511748
MOABC,3,2114576377,28,0.19143929013105024,0.613367636300049
MOABC,3,2114576377,29,0.42421351522006173,0.05622220858985889
MOABC,3,2114576377,30,0.42263144968408783,0.07461211787453845
MOABC,3,2114576377,31,0.4169415040313574,0.14275289369863345
MOABC,3,2114576377,32,0.0010050225834493897,0.9683139817029509
MOABC,3,2114576377,33,0.4264363247577069,0.03484923047494161
MOABC,3,2114576377,34,0.19806192607496576,0.5674130305866028
MOABC,3,2114576377,35,0.4185629584502761,0.12254351569682552
MOABC,3,2114576377,36,0.213121644069117,0.45296133832517216
MOABC,3,2114576377,37,0.4293404397859393,0.0040056526613660584
MOABC,3,2114576377,38,0.01861180700044305,0.8533030198038397
MOABC,3,2114576377,39,0.20735349861459462,0.4972116428511757
MOABC,3,2114576377,40,0.030878844885761432,0.7988031804051956
MOABC,3,2114576377,41,0.011047181539702348,0.8918655304569679
MOABC,3,2114576377,42,0.005062604002101787,0.92804777018185
MOABC,3,2114576377,43,0.03394311256494277,0.7863763867939769
MOABC,3,2114576377,44,0.21081649817145115,0.4705855439825811
MOABC,3,2114576377,45,0.037077331573128786,0.7733849606712058
MOABC,3,2114576377,46,0.19533797006034925,0.594040918462813
MOABC,3,2114576377,47,0.42771671454670956,0.018877459958289156
MOABC,3,2114576377,48,0.4207537331917097,0.09604158286841263
MOABC,3,2114576377,49,0.1868433201836916,0.6427938101504116
MOABC,3,2114576377,50,0.20510611514268917,0.5144670457812044
MOABC,3,2114576377,51,0.2003208832314285,0.5504119616230367
MOABC,3,2114576377,52,0.24019539661451816,0.28108524015662134
MOABC,3,2114576377,53,0.6468210760537758,-0.4477416147086873
MOABC,3,2114576377,54,0.0003404221425070365,0.9815470511036519
MOABC,3,2114576377,55,0.20937461541641364,0.48311413857039376
MOABC,3,2114576377,56,0.04960253958696238,0.7283774549100362
MOABC,3,2114576377,57,0.21904729109261079,0.40858329679482086
MOABC,3,2114576377,58,0.23001504134215794,0.33425227159086063
MOABC,3,2114576377,59,0.22400625243778266,0.3733321080817712
MOABC,3,2114576377,60,0.023097797650260904,0.83270960088537
MOABC,3,2114576377,61,0.014854779088846047,0.87144035778506
MOABC,3,2114576377,62,0.21520089757267113,0.437254235260698
MOABC,3,2114576377,63,0.1956303825041242,0.5844697730101232
MOABC,3,2114576377,64,0.2487947205023865,0.2525903493735472
MOABC,3,2114576377,65,0.007452394584804601,0.9119471753704509
MOABC,3,2114576377,66,0.04233692240935209,0.7572691379259427
MOABC,3,2114576377,67,0.20184868220586372,0.5390088188739419
MOABC,3,2114576377,68,0.20360649893269736,0.5259060062211074
MOABC,3,2114576377,69,0.23648944740006841,0.29819331297887003
MOABC,3,2114576377,70,0.4199880180923136,0.10588564068271314
MOABC,3,2114576377,71,0.644919467521713,-0.43575101357842166
MOABC,3,2114576377,72,0.232702567366743,0.3184261638612288
MOABC,3,2114576377,73,0.02086021351989638,0.842867519172772
MOABC,3,2114576377,74,0.45047729664283753,-0.12160261750227132
MOABC,3,2114576377,75,0.43606791265600525,-0.055313405500637104
MOABC,3,2114576377,76,0.04557057686732477,0.7413973891077746
MOABC,3,2114576377,77,0.2217424603390613,0.3891539338696206
MOABC,3,2114576377,78,0.2516184213741161,0.24709332528515657
MOABC,3,2114576377,79,0.1844524520453429,0.6570749275333323
MOABC,3,2114576377,80,0.013927398973293528,0.876084358525119
MOABC,3,2114576377,81,0.23411366706618322,0.31213745015076966
MOABC,3,2114576377,82,0.2270436884884029,0.3530273282856945
MOABC,3,2114576377,83,0.00874569793572851,0.9041087651302763
MOABC,3,2114576377,84,0.04011854186425018,0.7615029600028838
MOABC,3,2114576377,85,0.025899365871650648,0.8205828007594045
MOABC,3,2114576377,86,0.06191055165222082,0.693554909207851
MOABC,3,2114576377,87,0.22539121368699813,0.36398801986530976
MOABC,3,2114576377,88,0.058198149940295395,0.7024807462706716
MOABC,3,2114576377,89,0.2439075878573408,0.26667637247388676
MOABC,3,2114576377,90,0.22083277384670563,0.3956401270942024
MOABC,3,2114576377,91,0.22878689524381124,0.34329637483562453
MOABC,3,2114576377,92,0.2382735948079588,0.28958051373884264
MOABC,3,2114576377,93,0.21730466434578105,0.42143907651960844
MOABC,3,2114576377,94,0.24451745194337132,0.2646197337395409
MOABC,3,2114576377,95,0.027674923488547706,0.8124995528386457
MOABC,3,2114576377,96,0.0729103049280928,0.6751544664188041
MOABC,3,2114576377,97,0.06432423068288279,0.6884723659974823
MOABC,3,2114576377,98,0.053135940550622374,0.7166093731619291
MOABC,3,2114576377,99,0.4459891676523702,-0.11027587777434661
MOABC,3,2114576377,100,0.056118408480146355,0.7080218584732396
MOABC,4,275987469,1,0.0,1.0
MOABC,4,275987469,2,0.8545323855321436,-0.7692988071389979
MOABC,4,275987469,3,0.8438741202747679,-0.7458734139872693
MOABC,4,275987469,4,0.6497700629521969,-0.45468010237519757
MOABC,4,275987469,5,0.6209541532910745,-0.15878353431935474
MOABC,4,275987469,6,0.4544218946953558,-0.1240073940139329
MOABC,4,275987469,7,0.25755639766220045,0.24216668284152798
MOABC,4,275987469,8,0.4114748553020442,0.21610358171659352
MOABC,4,275987469,9,0.18269518244107522,0.6670725492305486
MOABC,4,275987469,10,0.08338259639032079,0.6696660275821839
MOABC,4,275987469,11,0.6256151114804511,-0.24180050074065287
MOABC,4,275987469,12,0.6392148440123672,-0.3983005778584857
MOABC,4,275987469,13,0.6391969791180692,-0.3375286472180771
MOABC,4,275987469,14,0.6287089432145916,-0.286037010232233
MOABC,4,275987469,15,0.43543204201119323,-0.04952156013045652
MOABC,4,275987469,16,0.4410550649199738,-0.08779696011510592
MOABC,4,275987469,17,0.4164801490773405,0.14867243663620347
MOABC,4,275987469,18,0.4261462579270185,0.03531790607455037
MOABC,4,275987469,19,0.4237651141912041,0.061227763058494145
MOABC,4,275987469,20,0.05014585513752082,0.7259248788959115
MOABC,4,275987469,21,0.4149285031154373,0.1878990115093277
MOABC,4,275987469,22,0.21711442682104493,0.42285416201603643
MOABC,4,275987469,23,0.6434329138324839,-0.4186282000043233
MOABC,4,275987469,24,0.8476577334863208,-0.763903502853721
MOABC,4,275987469,25,0.19132819814980012,0.6140720661592268
MOABC,4,275987469,26,0.027456109397722854,0.8134479658925404
MOABC,4,275987469,27,0.21480873426925762,0.44026629311631554
MOABC,4,275987469,28,0.43414180729213453,-0.04012269287638483
MOABC,4,275987469,29,0.2126766503570507,0.4565206194846135
MOABC,4,275987469,30,0.004134755991805406,0.9351692847442987
MOABC,4,275987469,31,0.05470106447880885,0.7120118712598555
MOABC,4,275987469,32,0.20215172776760376,0.5367323882516171
MOABC,4,275987469,33,0.431283335393137,-0.015422688799840836
MOABC,4,275987469,34,0.01202438485769166,0.8859095040219354
MOABC,4,275987469,35,0.6439548362898487,-0.4348023323657771
MOABC,4,275987469,36,0.22597364919380772,0.36003355553038274
MOABC,4,275987469,37,0.4175320854842658,0.13535086213059486
MOABC,4,275987469,38,0.018479046994547957,0.8544710931300231
MOABC,4,275987469,39,0.6297698863323583,-0.30038563079165537
MOABC,4,275987469,40,0.2447925316121108,0.26371869045457585
MOABC,4,275987469,41,0.009338642326474241,0.9006626933273104
MOABC,4,275987469,42,0.24136112866460083,0.27618822618583605
MOABC,4,275987469,43,0.04495588889624719,0.7435795091578794
MOABC,4,275987469,44,0.0242166388286163,0.8276860183456969
MOABC,4,275987469,45,0.021522224784851163,0.8398278954523468
MOABC,4,275987469,46,0.4220965322974925,0.0802825946731216
MOABC,4,275987469,47,0.20722652100883027,0.5033955255068416
MOABC,4,275987469,48,0.24880160886830627,0.2525751620311189
MOABC,4,275987469,49,0.0003935019672711565,0.9801583389570743
MOABC,4,275987469,50,0.1997535547768606,0.5546085610684021
MOABC,4,275987469,51,0.42131613488209996,0.09472613855008682
MOABC,4,275987469,52,0.18947316361312722,0.632135431362825
MOABC,4,275987469,53,0.036209331875791936,0.7768648743197789
MOABC,4,275987469,54,0.2283675305013092,0.34449264434138727
MOABC,4,275987469,55,0.0024438619066584066,0.9514472506098623
MOABC,4,275987469,56,0.031153466228130765,0.7976481660966802
MOABC,4,275987469,57,0.2383586097318279,0.2891854922170176
MOABC,4,275987469,58,0.6340754927443495,-0.3241819800782312
MOABC,4,275987469,59,0.043149887874131,0.7501199334072258
MOABC,4,275987469,60,0.18482519727511995,0.654993561800055
MOABC,4,275987469,61,0.44660632842584946,-0.10731058733812657
MOABC,4,275987469,62,0.00126483270533541,0.964392307500532
MOABC,4,275987469,63,0.4482020341145694,-0.11693714635373359
MOABC,4,275987469,64,0.6312920683914517,-0.3198594462823127
MOABC,4,275987469,65,0.1869178987380774,0.6423369443191556
MOABC,4,275987469,66,0.2342633029998471,0.30985585448033426
MOABC,4,275987469,67,0.6482082232219636,-0.4493116698722841
MOABC,4,275987469,68,0.23188052918320948,0.3231447816172029
MOABC,4,275987469,69,0.033012580055839576,0.7898844034857315
MOABC,4,275987469,70,0.4436916466638704,-0.0931184962311565
MOABC,4,275987469,71,0.42802897578674126,0.01571054529763466
MOABC,4,275987469,72,0.19658485441514736,0.5776722341772664
MOABC,4,275987469,73,0.19391035486389377,0.596519576591791
MOABC,4,275987469,74,0.43037667432055166,-0.0069130976293205046
MOABC,4,275987469,75,0.05849694470521202,0.7017142008135325
MOABC,4,275987469,76,0.19812849543896183,0.5665259926212394
MOABC,4,275987469,77,0.210427594701702,0.47356802050058394
MOABC,4,275987469,78,0.23619316245365285,0.2996867261605375
MOABC,4,275987469,79,0.208895440016453,0.4853381411563826
MOABC,4,275987469,80,0.22371877545608487,0.37531224162605303
MOABC,4,275987469,81,0.23020194364284585,0.33313857166150773
MOABC,4,275987469,82,0.22273764899170972,0.3821367563649832
MOABC,4,275987469,83,0.2538373611936347,0.24418220907687438
MOABC,4,275987469,84,0.21994463364299838,0.40204693705760414
MOABC,4,275987469,85,0.42865193160270065,0.009533669406779327
MOABC,4,275987469,86,0.204039108423075,0.5224737261851953
MOABC,4,275987469,87,0.41925670078019434,0.11485929189591206
MOABC,4,275987469,88,0.006490969746635253,0.9181190836805441
MOABC,4,275987469,89,0.41192685360023645,0.20746419429420934
MOABC,4,275987469,90,0.014898637159168504,0.8712886895551356
MOABC,4,275987469,91,0.4130339354933078,0.19296766078831223
MOABC,4,275987469,92,0.2049541868832757,0.5155108290753663
MOABC,4,275987469,93,0.039162667965225016,0.7651896881540021
MOABC,4,275987469,94,0.4194664258028927,0.11253593421867787
MOABC,4,275987469,95,0.1947896895230107,0.5904272585381157
MOABC,4,275987469,96,0.22058436609224322,0.3974255197798283
MOABC,4,275987469,97,0.015769117253580506,0.8673561499291766
MOABC,4,275987469,98,0.07471973486272793,0.6733529152072069
MOABC,4,275987469,99,0.007048724307970133,0.9145667750486443
MOABC,4,275987469,100,0.06884467064491723,0.6804890776716298
MOABC,5,2838035662,1,0.8511685178142184,-0.7679563224234806
MOABC,5,2838035662,2,0.0,1.0
MOABC,5,2838035662,3,0.8291653851872892,-0.5109664302114788
MOABC,5,2838035662,4,0.6546879151375893,-0.4567047374919837
MOABC,5,2838035662,5,0.6213055135440713,-0.1737209986810994
MOABC,5,2838035662,6,0.4543815438245038,-0.12416178808436909
MOABC,5,2838035662,7,0.4105605685838548,0.2255246196816882
MOABC,5,2838035662,8,0.2579244726663851,0.24218050705781938
MOABC,5,2838035662,9,0.18289778156051398,0.6659615854680354
MOABC,5,2838035662,10,0.0829396023388175,0.6696525603253776
MOABC,5,2838035662,11,0.6263974459188622,-0.24690909403093167
MOABC,5,2838035662,12,0.6372879661725588,-0.3831443754643657
MOABC,5,2838035662,13,0.830413284851269,-0.5749372344602559
MOABC,5,2838035662,14,0.835267343362262,-0.6560483597652468
MOABC,5,2838035662,15,0.8427530564206105,-0.7388523496484182
MOABC,5,2838035662,16,0.8374638511484838,-0.6884817658618756
MOABC,5,2838035662,17,0.6226639577578904,-0.1959119334140239
MOABC,5,2838035662,18,0.6430398961090561,-0.42962642123945194
MOABC,5,2838035662,19,0.43329976126075037,-0.03327489506450126
MOABC,5,2838035662,20,0.4311211809809634,-0.014049611083509357
MOABC,5,2838035662,21,0.4286821850921225,0.009176544412476976
MOABC,5,2838035662,22,0.4269879190605823,0.0272137057529476
MOABC,5,2838035662,23,0.4160063406087875,0.16290182535427894
MOABC,5,2838035662,24,0.44687272208726475,-0.11320316618780091
MOABC,5,2838035662,25,0.4428783028959108,-0.0970768863385607
MOABC,5,2838035662,26,0.41748279831697754,0.1359291455755332
MOABC,5,2838035662,27,0.43681957999413795,-0.060826727598560226
MOABC,5,2838035662,28,0.0184701443180045,0.8543130517390131
MOABC,5,2838035662,29,0.23014255234711228,0.33504273716650607
MOABC,5,2838035662,30,0.19921539202175206,0.5585744850521398
MOABC,5,2838035662,31,0.18999275936035107,0.6228898789614474
MOABC,5,2838035662,32,0.2459547270439763,0.2600909834586095
MOABC,5,2838035662,33,0.007923809167851997,0.9090320245839956
MOABC,5,2838035662,34,0.22305892932469612,0.3798947727235906
MOABC,5,2838035662,35,0.1966009591327836,0.5775569278857636
MOABC,5,2838035662,36,0.41305853121038816,0.1925615868895149
MOABC,5,2838035662,37,0.19248216220278141,0.6063309659067044
MOABC,5,2838035662,38,0.42489609359692027,0.04869508459784872
MOABC,5,2838035662,39,0.4221074710492365,0.08133968289174492
MOABC,5,2838035662,40,0.2073369395448888,0.4972892129689114
MOABC,5,2838035662,41,0.4403497123761947,-0.0822114691473203
MOABC,5,2838035662,42,0.18745526568886953,0.639018299985981
MOABC,5,2838035662,43,0.0011226802550616376,0.9664656417012862
MOABC,5,2838035662,44,0.2509027490095876,0.24831467335853083
MOABC,5,2838035662,45,0.2272610367527455,0.3520966790985324
MOABC,5,2838035662,46,0.010321267458743469,0.8951180647786826
MOABC,5,2838035662,47,0.42393164146562234,0.06101539396180256
MOABC,5,2838035662,48,0.04159075391886135,0.756865498444798
MOABC,5,2838035662,49,0.41164849274423154,0.21109948561049838
MOABC,5,2838035662,50,0.20923439906742913,0.4827367577000255
MOABC,5,2838035662,51,0.6463567724284737,-0.44046046996315563
MOABC,5,2838035662,52,0.24215512469376527,0.27308253882738814
MOABC,5,2838035662,53,0.033118779526103856,0.7894449058367161
MOABC,5,2838035662,54,0.19465719438478973,0.5913201282490776
MOABC,5,2838035662,55,0.0051812096101130824,0.927179741056161
MOABC,5,2838035662,56,0.22066500654123467,0.3968467269392054
MOABC,5,2838035662,57,0.22538409767399573,0.36418224233446106
MOABC,5,2838035662,58,0.18522310981246404,0.6525662644888661
MOABC,5,2838035662,59,0.029937232512633548,0.8028104838266169
MOABC,5,2838035662,60,0.0002182652441411224,0.9852282902914108
MOABC,5,2838035662,61,0.41450302426325136,0.17530450302905007
MOABC,5,2838035662,62,0.002442270734231299,0.9503934620210394
MOABC,5,2838035662,63,0.055447380149078934,0.7099194914809058
MOABC,5,2838035662,64,0.06599867419155406,0.685270859693031
MOABC,5,2838035662,65,0.06153516707093386,0.6943986516942071
MOABC,5,2838035662,66,0.2324879372435153,0.3196477965800613
MOABC,5,2838035662,67,0.6491595038112601,-0.45463754506082454
MOABC,5,2838035662,68,0.04532653335235198,0.7422608411618675
MOABC,5,2838035662,69,0.4202186623889739,0.10272987129780403
MOABC,5,2838035662,70,0.015034374466657476,0.8705453346788332
MOABC,5,2838035662,71,0.21248677178560466,0.4578183298623058
MOABC,5,2838035662,72,0.2177302307975597,0.4185637584171017
MOABC,5,2838035662,73,0.21127689320846876,0.4675942460656612
MOABC,5,2838035662,74,0.021436419158330083,0.8402207085306619
MOABC,5,2838035662,75,0.2145428501001109,0.44216946495533554
MOABC,5,2838035662,76,0.20520478368243214,0.5141329111271012
MOABC,5,2838035662,77,0.215723978792493,0.4332563686159796
MOABC,5,2838035662,78,0.023301048908223848,0.8329914311689324
MOABC,5,2838035662,79,0.20220351886966673,0.5363524160672408
MOABC,5,2838035662,80,0.0038783225842103576,0.937441609173433
MOABC,5,2838035662,81,0.4378754871159575,-0.06786765490979016
MOABC,5,2838035662,82,0.20420287566298592,0.5212385205831364
MOABC,5,2838035662,83,0.20120978414876795,0.543925749871317
MOABC,5,2838035662,84,0.23585073512317345,0.30143797665772365
MOABC,5,2838035662,85,0.047299231889914486,0.7353870574758715
MOABC,5,2838035662,86,0.058132005815627774,0.7027832086285662
MOABC,5,2838035662,87,0.21907596532401402,0.4083734552261537
MOABC,5,2838035662,88,0.026052923506672775,0.8196226759893923
MOABC,5,2838035662,89,0.452005856356907,-0.12342241918822427
MOABC,5,2838035662,90,0.0761304548058054,0.6721955217050324
MOABC,5,2838035662,91,0.035976271188035695,0.7777850061933582
MOABC,5,2838035662,92,0.4208618265865221,0.0947582551071027
MOABC,5,2838035662,93,0.2342302634959923,0.3099581338647741
MOABC,5,2838035662,94,0.0511665389643443,0.7228235130541687
MOABC,5,2838035662,95,0.23944271430601755,0.28428262300925655
MOABC,5,2838035662,96,0.027367079836513125,0.8138347944729086
MOABC,5,2838035662,97,0.012981231147983371,0.880925455936894
MOABC,5,2838035662,98,0.038739265428978834,0.766837289639591
MOABC,5,2838035662,99,0.07026700739139724,0.6784219975819653
MOABC,5,2838035662,100,0.4185313678386792,0.12300858516590717
MOGABC,1,3466997040,1,0.0,1.0
MOGABC,1,3466997040,2,0.8560934215917884,-0.7657083897551383
MOGABC,1,3466997040,3,0.8259741994082058,-0.5104820083431448
MOGABC,1,3466997040,4,0.6547805359004635,-0.4565867179135438
MOGABC,1,3466997040,5,0.2575514575190725,0.24216695453504844
MOGABC,1,3466997040,6,0.41327914114522135,0.18975404949975722
MOGABC,1,3466997040,7,0.4536792182159047,-0.12420912112491778
MOGABC,1,3466997040,8,0.6190435288523732,-0.13544710343130922
MOGABC,1,3466997040,9,0.1826818201362732,0.6671467786260065
MOGABC,1,3466997040,10,0.0830117056231376,0.6696523620443008
MOGABC,1,3466997040,11,0.8384995478590818,-0.6579478608274537
MOGABC,1,3466997040,12,0.8358592610230255,-0.5260133856361098
MOGABC,1,3466997040,13,0.632808087758156,-0.33822485657392276
MOGABC,1,3466997040,14,0.6233950925514352,-0.20758453321336906
MOGABC,1,3466997040,15,0.6392083866366881,-0.4004051314033358
MOGABC,1,3466997040,16,0.6284443427625342,-0.28250739265684505
MOGABC,1,3466997040,17,0.6248290553987235,-0.2296036210637112
MOGABC,1,3466997040,18,0.6194358787483655,-0.14219302340526616
MOGABC,1,3466997040,19,0.8390949563056328,-0.7063539654531207
MOGABC,1,3466997040,20,0.6303302798462725,-0.3076981249844596
MOGABC,1,3466997040,21,0.6423810455498811,-0.4255540042175945
MOGABC,1,3466997040,22,0.4458319819550555,-0.10972186543125534
MOGABC,1,3466997040,23,0.6508285184433937,-0.45558748826429135
MOGABC,1,3466997040,24,0.42825100531442506,0.013475731591709894
MOGABC,1,3466997040,25,0.19624269824103197,0.5801176724442623
MOGABC,1,3466997040,26,0.44314417573547804,-0.07350941983723468
MOGABC,1,3466997040,27,0.8539110292280803,-0.72447485925404
MOGABC,1,3466997040,28,0.4255897854768888,0.04116615696842374
MOGABC,1,3466997040,29,0.41644103610334726,0.149018682045415
MOGABC,1,3466997040,30,0.8408952285230641,-0.7237332097673346
MOGABC,1,3466997040,31,0.43015766391574684,-0.005117003448090129
MOGABC,1,3466997040,32,0.8555009741177351,-0.7479593412116106
MOGABC,1,3466997040,33,0.4150791918325277,0.16637206121542755
MOGABC,1,3466997040,34,0.1922343939885962,0.6079889523556996
MOGABC,1,3466997040,35,0.236371722142078,0.29878303215297863
MOGABC,1,3466997040,36,0.41863138151284207,0.1217023023493351
MOGABC,1,3466997040,37,0.058757088167306494,0.7010538715701259
MOGABC,1,3466997040,38,0.43570069397886674,-0.05116383275167327
MOGABC,1,3466997040,39,0.4240742562167999,0.05777098238672357
MOGABC,1,3466997040,40,0.4223335485691421,0.07752743526461403
MOGABC,1,3466997040,41,0.043224760477278155,0.7498450509934017
MOGABC,1,3466997040,42,0.23959654827696508,0.28360085104752125
MOGABC,1,3466997040,43,0.21990772159730773,0.40231459074531856
MOGABC,1,3466997040,44,0.2429408846588722,0.2701184120152609
MOGABC,1,3466997040,45,0.001313471895513371,0.9796313207341052
MOGABC,1,3466997040,46,0.07288198199606023,0.6751854634036029
MOGABC,1,3466997040,47,0.05463590265483417,0.7131126545558643
MOGABC,1,3466997040,48,0.24722696785716242,0.25759057095191595
MOGABC,1,3466997040,49,0.039639536905175465,0.7633448859805493
MOGABC,1,3466997040,50,0.42090626750413296,0.09423115275315774
MOGABC,1,3466997040,51,0.43330720610394285,-0.024161678908260542
MOGABC,1,3466997040,52,0.2089502241839785,0.4849078545664123
MOGABC,1,3466997040,53,0.4382740196873409,-0.07089333833518968
MOGABC,1,3466997040,54,0.22577828436305447,0.36133391703634915
MOGABC,1,3466997040,55,0.1869776349427153,0.6419692181156289
MOGABC,1,3466997040,56,0.21761217078057982,0.41915561290589454
MOGABC,1,3466997040,57,0.21596992801856166,0.4314088894196147
MOGABC,1,3466997040,58,0.20011914666573977,0.5519041495029701
MOGABC,1,3466997040,59,0.2109458977469452,0.46959360175044895
MOGABC,1,3466997040,60,0.014133145248126672,0.8750460557055911
MOGABC,1,3466997040,61,0.18973635783208648,0.6245369482693766
MOGABC,1,3466997040,62,0.19830378074059246,0.565249144164993
MOGABC,1,3466997040,63,0.2054490928908631,0.5117361224388735
MOGABC,1,3466997040,64,0.028632414959995037,0.8110054446495678
MOGABC,1,3466997040,65,0.23326426139580844,0.3152663961802271
MOGABC,1,3466997040,66,0.2069371808141671,0.5003532148887492
MOGABC,1,3466997040,67,0.18522425658538083,0.6525483816763803
MOGABC,1,3466997040,68,0.22960225157858982,0.33679820137105565
MOGABC,1,3466997040,69,0.036571446768598054,0.7753983425075657
MOGABC,1,3466997040,70,0.22341639597405297,0.37740306918868227
MOGABC,1,3466997040,71,0.050557223857690146,0.7246011866599197
MOGABC,1,3466997040,72,0.0014563449096736483,0.961771304599326
MOGABC,1,3466997040,73,0.22769921141915206,0.34875568639897714
MOGABC,1,3466997040,74,0.011673884637860933,0.887768230147505
MOGABC,1,3466997040,75,0.41951648122457896,0.11089721893646737
MOGABC,1,3466997040,76,0.2221127361829155,0.38652639238201514
MOGABC,1,3466997040,77,0.005351894894993886,0.9299317612102874
MOGABC,1,3466997040,78,0.433734921881147,-0.03691710061495318
MOGABC,1,3466997040,79,0.06537187857042771,0.6864246753042893
MOGABC,1,3466997040,80,0.6415206388866159,-0.41371259295523166
MOGABC,1,3466997040,81,0.007738329328606488,0.9101695264501409
MOGABC,1,3466997040,82,0.21373355276460962,0.4483054090614703
MOGABC,1,3466997040,83,0.2032417058111391,0.5285140189439765
MOGABC,1,3466997040,84,0.02579571287140873,0.820699012021964
MOGABC,1,3466997040,85,0.031433631974910475,0.7974299848109028
MOGABC,1,3466997040,86,0.4494572870755866,-0.11980771766918774
MOGABC,1,3466997040,87,0.2022149579825608,0.5362570584749672
MOGABC,1,3466997040,88,0.002517046313327839,0.9496309975200035
MOGABC,1,3466997040,89,0.23173002063302123,0.32402059542272243
MOGABC,1,3466997040,90,0.2512030771159161,0.24777469278764241
MOGABC,1,3466997040,91,0.016816609851839023,0.8618443131764196
MOGABC,1,3466997040,92,0.06408723168218157,0.6889325749437223
MOGABC,1,3466997040,93,0.023401631351262595,0.831328056249652
MOGABC,1,3466997040,94,0.04709470042168409,0.7360881951701939
MOGABC,1,3466997040,95,0.4133905974580886,0.1882251878516873
MOGABC,1,3466997040,96,0.2127186784233603,0.4560335572583389
MOGABC,1,3466997040,97,0.0778620520661014,0.6710716032323863
MOGABC,1,3466997040,98,0.021488579872359005,0.8400520292003482
MOGABC,1,3466997040,99,0.01971640279260242,0.8481384525332178
MOGABC,1,3466997040,100,0.19125356832247997,0.6145678511721456
MOGABC,2,1865520359,1,0.0,1.0
MOGABC,2,1865520359,2,0.8567799713819304,-0.7611530044258423
MOGABC,2,1865520359,3,0.6270278040075958,-0.2625533912211905
MOGABC,2,1865520359,4,0.453531053934345,-0.12419053483309006
MOGABC,2,1865520359,5,0.8272946142067021,-0.5351572925643162
MOGABC,2,1865520359,6,0.6558052802875608,-0.45474689017794456
MOGABC,2,1865520359,7,0.4104288522512698,0.2272759827196937
MOGABC,2,1865520359,8,0.25804261651727006,0.24217145459706893
MOGABC,2,1865520359,9,0.8337167035454639,-0.5911262169990882
MOGABC,2,1865520359,10,0.08289801321406132,0.669652925962367
MOGABC,2,1865520359,11,0.18250173872332642,0.668146174229204
MOGABC,2,1865520359,12,0.8423767053770049,-0.7358980291540164
MOGABC,2,1865520359,13,0.6323879384386986,-0.32773655325737244
MOGABC,2,1865520359,14,0.20626262268314594,0.5055184891983524
MOGABC,2,1865520359,15,0.6390596549810101,-0.38923244248150085
MOGABC,2,1865520359,16,0.4148983235375647,0.1686973421920086
MOGABC,2,1865520359,17,0.4378315457211747,-0.06791521471792605
MOGABC,2,1865520359,18,0.21307613057776803,0.4533081022023593
MOGABC,2,1865520359,19,0.419984771565306,0.1052394060897262
MOGABC,2,1865520359,20,0.6439849303421568,-0.43500770364226005
MOGABC,2,1865520359,21,0.42528098964136096,0.04612799651787254
MOGABC,2,1865520359,22,0.20215351540441334,0.5369402942279974
MOGABC,2,1865520359,23,0.6402014886091653,-0.4102337856375031
MOGABC,2,1865520359,24,0.42847412019112924,0.011244345526460808
MOGABC,2,1865520359,25,0.8462527073122967,-0.7603152732314331
MOGABC,2,1865520359,26,0.44474027413159256,-0.1055709885858423
MOGABC,2,1865520359,27,0.41246110258232177,0.20039240071860787
MOGABC,2,1865520359,28,0.43466231731060867,-0.04446103338168783
MOGABC,2,1865520359,29,0.18823092397676008,0.6341650702060874
MOGABC,2,1865520359,30,0.036976875066639256,0.7737812587317506
MOGABC,2,1865520359,31,0.1862535337767916,0.6463870705056954
MOGABC,2,1865520359,32,0.1920941297113742,0.6089360072812507
MOGABC,2,1865520359,33,0.0317846562197526,0.7949966414301355
MOGABC,2,1865520359,34,0.4237350587679345,0.06156506132701328
MOGABC,2,1865520359,35,0.006344931796813625,0.9190885312379788
MOGABC,2,1865520359,36,0.20033622861635145,0.5502945484267435
MOGABC,2,1865520359,37,0.04206970270255198,0.7541201799759829
MOGABC,2,1865520359,38,0.4138258681337846,0.1825595373588088
MOGABC,2,1865520359,39,0.016254315770020247,0.8645634587356035
MOGABC,2,1865520359,40,0.2206098645577182,0.39724201444649654
MOGABC,2,1865520359,41,0.22346570783312314,0.37706133482872584
MOGABC,2,1865520359,42,0.23318711555369318,0.31569722510609655
MOGABC,2,1865520359,43,0.44888573642038165,-0.11860008909754127
MOGABC,2,1865520359,44,0.4326564749952421,-0.027773382146464187
MOGABC,2,1865520359,45,0.05475956076517236,0.7118438490802667
MOGABC,2,1865520359,46,0.19457471164639914,0.5918968343787215
MOGABC,2,1865520359,47,0.05132095493655688,0.7221819429110713
MOGABC,2,1865520359,48,0.04521153720283626,0.742669028308091
MOGABC,2,1865520359,49,0.4318831361202138,-0.014795674914096994
MOGABC,2,1865520359,50,0.23635566279885495,0.298863694404903
MOGABC,2,1865520359,51,0.19688998102059688,0.5754835070416487
MOGABC,2,1865520359,52,0.4296374114996457,-8.991155926753318e-05
MOGABC,2,1865520359,53,0.048143595106174136,0.7325217693632494
MOGABC,2,1865520359,54,0.0189714000358239,0.8516138883742566
MOGABC,2,1865520359,55,0.0031643282767503935,0.9434335886085711
MOGABC,2,1865520359,56,0.1982161734274116,0.5658875831177532
MOGABC,2,1865520359,57,0.004368476453800804,0.9333079006645036
MOGABC,2,1865520359,58,0.008626478700084119,0.9048118220102327
MOGABC,2,1865520359,59,0.023534605116564293,0.830732076557757
MOGABC,2,1865520359,60,0.021110379824985006,0.8417094196920307
MOGABC,2,1865520359,61,0.03885337278360526,0.7663920330008611
MOGABC,2,1865520359,62,0.21694560386797074,0.42411077637885003
MOGABC,2,1865520359,63,0.22970599028052147,0.3361424353325875
MOGABC,2,1865520359,64,0.028000499633083178,0.8110914658385062
MOGABC,2,1865520359,65,0.18294770053365453,0.6656627007101595
MOGABC,2,1865520359,66,0.013667542057170919,0.8774018595827343
MOGABC,2,1865520359,67,0.025783696873678222,0.8207518395212068
MOGABC,2,1865520359,68,0.22656588165124053,0.3561202202907079
MOGABC,2,1865520359,69,0.07372923049388125,0.674295052516408
MOGABC,2,1865520359,70,0.06895406028086577,0.6803225072772295
MOGABC,2,1865520359,71,0.06302704380718271,0.6911260516864554
MOGABC,2,1865520359,72,0.4221160072943581,0.08004501481413712
MOGABC,2,1865520359,73,0.23154491891424583,0.32510270641311073
MOGABC,2,1865520359,74,0.2246344964838543,0.36923719342218897
MOGABC,2,1865520359,75,0.010128562417995673,0.8961904623601259
MOGABC,2,1865520359,76,0.22789435382173923,0.34750466347673753
MOGABC,2,1865520359,77,0.00022228145656345556,0.9850893412838345
MOGABC,2,1865520359,78,0.012143969669528396,0.8852788022778422
MOGABC,2,1865520359,79,0.23786031626758386,0.29152019413369573
MOGABC,2,1865520359,80,0.0015652088022541921,0.9603603459523183
MOGABC,2,1865520359,81,0.21844147052779384,0.4130293369002562
MOGABC,2,1865520359,82,0.4216917082982912,0.08498513571938782
MOGABC,2,1865520359,83,0.030417623883111082,0.8007526860464405
MOGABC,2,1865520359,84,0.4203878581038462,0.10040331976528943
MOGABC,2,1865520359,85,0.07813781324137895,0.6709227967341109
MOGABC,2,1865520359,86,0.24981573586191394,0.2503727479599859
MOGABC,2,1865520359,87,0.24702149597770023,0.25704658007528824
MOGABC,2,1865520359,88,0.06572414921627731,0.6857660458936643
MOGABC,2,1865520359,89,0.21528899629866782,0.4365308545629616
MOGABC,2,1865520359,90,0.000623908578292625,0.9750096097314143
MOGABC,2,1865520359,91,0.24295361944212054,0.27007171018618115
MOGABC,2,1865520359,92,0.1930550164825009,0.6024076811076723
MOGABC,2,1865520359,93,0.44494778971123594,-0.10576839687633348
MOGABC,2,1865520359,94,0.2449017254535811,0.26335739028400906
MOGABC,2,1865520359,95,0.21456527696712968,0.4419974680259158
MOGABC,2,1865520359,96,0.2527225410416905,0.24548613231819244
MOGABC,2,1865520359,97,0.05852123778373601,0.7016515894348716
MOGABC,2,1865520359,98,0.21948827464574144,0.40536348903076747
MOGABC,2,1865520359,99,0.24016772931011135,0.2811299110471551
MOGABC,2,1865520359,100,0.05934689288028204,0.7004026829165172
MOGABC,3,2114576377,1,0.0,1.0
MOGABC,3,2114576377,2,0.8527921428865942,-0.7729807572602455
MOGABC,3,2114576377,3,0.830693771339724,-0.593951015730256
MOGABC,3,2114576377,4,0.6530047658774312,-0.4580584566598209
MOGABC,3,2114576377,5,0.45690640882200984,-0.12214227857300264
MOGABC,3,2114576377,6,0.6185768272599257,-0.12735620190360677
MOGABC,3,2114576377,7,0.4096982388995605,0.2373718622880991
MOGABC,3,2114576377,8,0.2583656590949753,0.2422091534535072
MOGABC,3,2114576377,9,0.18277453721669218,0.6666542415156138
MOGABC,3,2114576377,10,0.08313609852373932,0.6696533180024493
MOGABC,3,2114576377,11,0.6283517410117913,-0.2812360215171224
MOGABC,3,2114576377,12,0.8403081225488473,-0.6695697903865315
MOGABC,3,2114576377,13,0.6351854598050459,-0.36205281620941304
MOGABC,3,2114576377,14,0.832091275647955,-0.6160238813115966
MOGABC,3,2114576377,15,0.6233491561112907,-0.20685685663391756
MOGABC,3,2114576377,16,0.4202991481272055,0.10146508719878095
MOGABC,3,2114576377,17,0.8413211039030767,-0.7264820041899485
MOGABC,3,2114576377,18,0.6213594062455046,-0.15554961682962212
MOGABC,3,2114576377,19,0.41725911323217235,0.13904915596477185
MOGABC,3,2114576377,20,0.4266156984790349,0.030261993086611323
MOGABC,3,2114576377,21,0.6423563638638752,-0.4253963569939919
MOGABC,3,2114576377,22,0.42336007785921215,0.06579130922623344
MOGABC,3,2114576377,23,0.647632873702465,-0.45059932832169325
MOGABC,3,2114576377,24,0.622663288411486,-0.19590115947276998
MOGABC,3,2114576377,25,0.4300366703398144,-0.0007954920033332987
MOGABC,3,2114576377,26,0.41552545185815015,0.1606711271342502
MOGABC,3,2114576377,27,0.41297389045038946,0.20243249336179675
MOGABC,3,2114576377,28,0.8462649700045102,-0.760372345558132
MOGABC,3,2114576377,29,0.2233504487172535,0.3778604821047684
MOGABC,3,2114576377,30,0.23418532622059107,0.31020147387011987
MOGABC,3,2114576377,31,0.6385615826108194,-0.3968746720136709
MOGABC,3,2114576377,32,0.41393141446130666,0.18118897086971647
MOGABC,3,2114576377,33,0.21093894577369116,0.4696468879755911
MOGABC,3,2114576377,34,0.1863962383163146,0.6474745264056498
MOGABC,3,2114576377,35,0.23025073121897302,0.3328184978618812
MOGABC,3,2114576377,36,0.8434290584828574,-0.7439056724771078
MOGABC,3,2114576377,37,0.43628035938680154,-0.05689428134682745
MOGABC,3,2114576377,38,0.027153794163466916,0.8147610316268029
MOGABC,3,2114576377,39,0.20336361089360713,0.5275917978553074
MOGABC,3,2114576377,40,0.0013341689904478146,0.9634178177252581
MOGABC,3,2114576377,41,0.030902417713316893,0.802909001735793
MOGABC,3,2114576377,42,0.009077389234626159,0.9021718131090608
MOGABC,3,2114576377,43,0.004296814830287157,0.9338725157548533
MOGABC,3,2114576377,44,0.424540769325777,0.05259847256306516
MOGABC,3,2114576377,45,0.19337298509912262,0.6002269000608288
MOGABC,3,2114576377,46,0.6352417022293564,-0.365198538037808
MOGABC,3,2114576377,47,0.41079410174664743,0.22368166198298856
MOGABC,3,2114576377,48,0.006860260581824056,0.9157061963431599
MOGABC,3,2114576377,49,0.19912785554179813,0.5592178235342297
MOGABC,3,2114576377,50,0.21698918381335325,0.42378738028446833
MOGABC,3,2114576377,51,0.21997302354961618,0.40184115013780786
MOGABC,3,2114576377,52,0.20125086817087032,0.543483514486352
MOGABC,3,2114576377,53,0.04298336321113836,0.7507324270333047
MOGABC,3,2114576377,54,0.04836579868254586,0.7317756723734979
MOGABC,3,2114576377,55,0.4336648358692877,-0.03633488400925999
MOGABC,3,2114576377,56,0.4382326026039493,-0.07061773618229766
MOGABC,3,2114576377,57,0.44845303401822106,-0.11758988628939082
MOGABC,3,2114576377,58,0.00034507527458797646,0.9874286798207202
MOGABC,3,2114576377,59,0.2057303673555807,0.5095880648403591
MOGABC,3,2114576377,60,0.44515902416209796,-0.10718760170146545
MOGABC,3,2114576377,61,0.012313164030162901,0.8843901118403421
MOGABC,3,2114576377,62,0.06328861318831609,0.6905746975264404
MOGABC,3,2114576377,63,0.639385667033471,-0.4037815605470628
MOGABC,3,2114576377,64,0.2134665257727118,0.4503357279259681
MOGABC,3,2114576377,65,0.24900278414420585,0.2521176128267918
MOGABC,3,2114576377,66,0.0025626958752869074,0.9491708250314742
MOGABC,3,2114576377,67,0.18836175208511072,0.6333391613260811
MOGABC,3,2114576377,68,0.23644852761031981,0.2983979286138136
MOGABC,3,2114576377,69,0.03392877151010928,0.7861069988162502
MOGABC,3,2114576377,70,0.01891074802460575,0.8518994623993474
MOGABC,3,2114576377,71,0.20943232257813418,0.488756415997905
MOGABC,3,2114576377,72,0.24326909814859377,0.26892629478609187
MOGABC,3,2114576377,73,0.6187099527138462,-0.12967051398150448
MOGABC,3,2114576377,74,0.06887246885480168,0.6804466291777956
MOGABC,3,2114576377,75,0.21463156534612288,0.44149585202282343
MOGABC,3,2114576377,76,0.02350138976418307,0.8308808816809506
MOGABC,3,2114576377,77,0.19689133853783564,0.5757208445143143
MOGABC,3,2114576377,78,0.19556117310002827,0.5849596873886046
MOGABC,3,2114576377,79,0.4323731021285472,-0.025305948583976334
MOGABC,3,2114576377,80,0.22527465579679012,0.3647071645199994
MOGABC,3,2114576377,81,0.02207863102178831,0.8373701002288524
MOGABC,3,2114576377,82,0.04492903481909629,0.7436756065794866
MOGABC,3,2114576377,83,0.05231726050960681,0.719091643710647
MOGABC,3,2114576377,84,0.2553105280215454,0.24295176895494863
MOGABC,3,2114576377,85,0.4307557508737061,-0.010721230230016865
MOGABC,3,2114576377,86,0.44088255691933614,-0.08690970996731585
MOGABC,3,2114576377,87,0.44188690316327944,-0.09227625445082373
MOGABC,3,2114576377,88,0.03804758574164032,0.7695454467630855
MOGABC,3,2114576377,89,0.24645663909975898,0.26028831985369605
MOGABC,3,2114576377,90,0.22722312086392207,0.3543056962525499
MOGABC,3,2114576377,91,0.05977746092736839,0.698526205873745
MOGABC,3,2114576377,92,0.20740487025014376,0.49676798291982965
MOGABC,3,2114576377,93,0.21895912987967875,0.4092286482686478
MOGABC,3,2114576377,94,0.22861062928668213,0.34295717192543707
MOGABC,3,2114576377,95,0.05688881605624105,0.7059244775393337
MOGABC,3,2114576377,96,0.014264616810148867,0.8743847630757642
MOGABC,3,2114576377,97,0.19086668515517916,0.6171343678682946
MOGABC,3,2114576377,98,0.035918296019147034,0.7780182875423554
MOGABC,3,2114576377,99,0.23924106051004246,0.28517267459237844
MOGABC,3,2114576377,100,0.24014196326267934,0.2812399151469056
MOGABC,4,275987469,1,0.0,1.0
MOGABC,4,275987469,2,0.8465016225181898,-0.7614495095897958
MOGABC,4,275987469,3,0.8344836487290802,-0.6447689808844566
MOGABC,4,275987469,4,0.6529628709737043,-0.4581974136194805
MOGABC,4,275987469,5,0.6226771552687687,-0.1795992215725911
MOGABC,4,275987469,6,0.4549874244232306,-0.12394141523944519
MOGABC,4,275987469,7,0.41043853801091895,0.22714706480588048
MOGABC,4,275987469,8,0.2567294272978847,0.24230171581239401
MOGABC,4,275987469,9,0.1826481361331377,0.6673340696652538
MOGABC,4,275987469,10,0.08274602579032456,0.6696558267942706
MOGABC,4,275987469,11,0.41646250613701286,0.1490240893468344
MOGABC,4,275987469,12,0.43035834684724655,-0.007009879158606014
MOGABC,4,275987469,13,0.6305796704486168,-0.3109049553389017
MOGABC,4,275987469,14,0.6399667783505605,-0.40716551203611434
MOGABC,4,275987469,15,0.6265864997514283,-0.2552193605830393
MOGABC,4,275987469,16,0.8454501386171717,-0.756311635596414
MOGABC,4,275987469,17,0.4360295093993105,-0.0550285437573898
MOGABC,4,275987469,18,0.43137808464024263,-0.016433024570805477
MOGABC,4,275987469,19,0.6449120118096873,-0.43975490742860424
MOGABC,4,275987469,20,0.4113622485886322,0.2148851542392997
MOGABC,4,275987469,21,0.4141555648648724,0.17911955345537464
MOGABC,4,275987469,22,0.2062732757489058,0.5054369780034007
MOGABC,4,275987469,23,0.4488941899525285,-0.11861900266092051
MOGABC,4,275987469,24,0.20972772059310535,0.47893871620370415
MOGABC,4,275987469,25,0.43832735406490986,-0.07124727714201673
MOGABC,4,275987469,26,0.23384355845028046,0.31206373581829483
MOGABC,4,275987469,27,0.44313569987933205,-0.09855611575154755
MOGABC,4,275987469,28,0.21866330812721294,0.41139830393446086
MOGABC,4,275987469,29,0.19149162363700456,0.6129805232837595
MOGABC,4,275987469,30,0.4149498566725536,0.1680333486661487
MOGABC,4,275987469,31,0.19742686769420215,0.5716146529920166
MOGABC,4,275987469,32,0.1847279428979222,0.657568909763514
MOGABC,4,275987469,33,0.23779735485324968,0.29181868484551665
MOGABC,4,275987469,34,0.18696255705152243,0.6428165009704531
MOGABC,4,275987469,35,0.06794755672014138,0.6819025525136608
MOGABC,4,275987469,36,0.21635814182097415,0.42849895819425465
MOGABC,4,275987469,37,0.6470496200241899,-0.44822932491875206
MOGABC,4,275987469,38,0.22115886169722543,0.398345402097126
MOGABC,4,275987469,39,0.22383329005073394,0.3745322992164839
MOGABC,4,275987469,40,0.20179092357859374,0.5394410743234672
MOGABC,4,275987469,41,0.21398243779534878,0.4464151901678323
MOGABC,4,275987469,42,0.2319338158666026,0.3228355507781663
MOGABC,4,275987469,43,0.005933934969805217,0.9218681529575141
MOGABC,4,275987469,44,0.22999723626744925,0.3343597947825346
MOGABC,4,275987469,45,0.03383241070747575,0.7865027687245296
MOGABC,4,275987469,46,0.056026078393907816,0.708276631345367
MOGABC,4,275987469,47,0.1955091802323691,0.5853274592739374
MOGABC,4,275987469,48,0.04062657361136513,0.7595618627195768
MOGABC,4,275987469,49,0.01863040589456746,0.8532145298245626
MOGABC,4,275987469,50,0.22251341441700814,0.3885705738147104
MOGABC,4,275987469,51,0.03728479977262472,0.7725578635935976
MOGABC,4,275987469,52,0.20456825282379593,0.5185767168165547
MOGABC,4,275987469,53,0.22540107775521778,0.36385758310566674
MOGABC,4,275987469,54,0.0020355782737603856,0.9547525310600408
MOGABC,4,275987469,55,0.0006083577363442193,0.9753234646931601
MOGABC,4,275987469,56,0.045290923564452974,0.7423871541749762
MOGABC,4,275987469,57,0.014987125000763225,0.8707794755716757
MOGABC,4,275987469,58,0.44165437416711073,-0.09113201030787932
MOGABC,4,275987469,59,0.2400791350156534,0.2815087311853556
MOGABC,4,275987469,60,0.042257715240268716,0.753419331261966
MOGABC,4,275987469,61,0.20328698179116494,0.5282178284351915
MOGABC,4,275987469,62,0.25203229616025236,0.2464530353425825
MOGABC,4,275987469,63,0.027675418650065144,0.8124974085244545
MOGABC,4,275987469,64,0.21211260805808418,0.4606684410153098
MOGABC,4,275987469,65,0.007360298530230638,0.9125210173708739
MOGABC,4,275987469,66,0.0001196918839054123,0.9890591713321475
MOGABC,4,275987469,67,0.18951447544120195,0.6260786930853991
MOGABC,4,275987469,68,0.19919708620090001,0.5587090626348427
MOGABC,4,275987469,69,0.016590102134508143,0.8629369612074999
MOGABC,4,275987469,70,0.05991736123778808,0.6981870953615135
MOGABC,4,275987469,71,0.22710626414662963,0.3525879670222058
MOGABC,4,275987469,72,0.20011112760225888,0.5519635554529222
MOGABC,4,275987469,73,0.22829408702354712,0.34495814149149034
MOGABC,4,275987469,74,0.1940616949043273,0.6004348020180862
MOGABC,4,275987469,75,0.022651345573283112,0.8347037612646927
MOGABC,4,275987469,76,0.2464321523370943,0.2586949277213611
MOGABC,4,275987469,77,0.24887803957577714,0.2524445917572498
MOGABC,4,275987469,78,0.0013398469946384296,0.9633396986145568
MOGABC,4,275987469,79,0.2428968127101748,0.270280313594201
MOGABC,4,275987469,80,0.21127838330585097,0.4670459431775561
MOGABC,4,275987469,81,0.21524341490920412,0.43687448749472746
MOGABC,4,275987469,82,0.01260523132938371,0.8828646918288874
MOGABC,4,275987469,83,0.6512536949634149,-0.45760499161257834
MOGABC,4,275987469,84,0.18849788448795712,0.6324775484806316
MOGABC,4,275987469,85,0.05373308736037904,0.7148320329296265
MOGABC,4,275987469,86,0.009051086187866646,0.9023236845701285
MOGABC,4,275987469,87,0.010033607902029472,0.8967217897892747
MOGABC,4,275987469,88,0.03575712362740447,0.7786675537697754
MOGABC,4,275987469,89,0.003619037109630221,0.939430984620215
MOGABC,4,275987469,90,0.020922228225877595,0.8425718682306906
MOGABC,4,275987469,91,0.02960754547214947,0.8041949408447641
MOGABC,4,275987469,92,0.06375039406758362,0.6896174413940835
MOGABC,4,275987469,93,0.00408737832728127,0.9355439782319006
MOGABC,4,275987469,94,0.011834664923018268,0.8869133360042654
MOGABC,4,275987469,95,0.04816698527136837,0.7324430745359912
MOGABC,4,275987469,96,0.07266151615461552,0.6754299083769775
MOGABC,4,275987469,97,0.24407723967534542,0.26654266523254283
MOGABC,4,275987469,98,0.05080157148417076,0.7238224957545749
MOGABC,4,275987469,99,0.02542423162143068,0.8223345799771576
MOGABC,4,275987469,100,0.030992895521428063,0.7983222748826189
MOGABC,5,2838035662,1,0.0,1.0
MOGABC,5,2838035662,2,0.8577408936023402,-0.7563655273045019
MOGABC,5,2838035662,3,0.6208427350398836,-0.14865151144334077
MOGABC,5,2838035662,4,0.4528832176620696,-0.1239926222543653
MOGABC,5,2838035662,5,0.8234279231464616,-0.4602261000286244
MOGABC,5,2838035662,6,0.6517519745963091,-0.4580765901462758
MOGABC,5,2838035662,7,0.2574234474940114,0.2421762387635727
MOGABC,5,2838035662,8,0.4098542837291805,0.2402987933787446
MOGABC,5,2838035662,9,0.1837692915433125,0.6610131816824841
MOGABC,5,2838035662,10,0.8288379143778506,-0.48934349130815424
MOGABC,5,2838035662,11,0.08320375972586028,0.6696545275391375
MOGABC,5,2838035662,12,0.8360640569282798,-0.6713372174644991
MOGABC,5,2838035662,13,0.8387792487048208,-0.7029289768878134
MOGABC,5,2838035662,14,0.6337128140696425,-0.3386838425489283
MOGABC,5,2838035662,15,0.42497474276596675,0.047835145877427376
MOGABC,5,2838035662,16,0.6321901525540186,-0.28086037424568
MOGABC,5,2838035662,17,0.6226063905492206,-0.19153924181830734
MOGABC,5,2838035662,18,0.4329498394040396,-0.028988665890940398
MOGABC,5,2838035662,19,0.43817064609409284,-0.07020423691301797
MOGABC,5,2838035662,20,0.4135082537171053,0.18669162515918636
MOGABC,5,2838035662,21,0.42777201835646783,0.01831455346889377
MOGABC,5,2838035662,22,0.41617413070872533,0.1718329159800227
MOGABC,5,2838035662,23,0.4100345337401055,0.23252996813790786
MOGABC,5,2838035662,24,0.21776483961941082,0.4180245630686923
MOGABC,5,2838035662,25,0.6242260358642341,-0.22061239579295494
MOGABC,5,2838035662,26,0.6258593968433719,-0.2454477265621514
MOGABC,5,2838035662,27,0.6365048274170466,-0.3741273821196785
MOGABC,5,2838035662,28,0.2140912638833913,0.44558936744189587
MOGABC,5,2838035662,29,0.4176923333090048,0.13331721573344985
MOGABC,5,2838035662,30,0.4213594429848436,0.08888068669713206
MOGABC,5,2838035662,31,0.642168597371014,-0.4048767235658398
MOGABC,5,2838035662,32,0.4183968791133588,0.12458861596194981
MOGABC,5,2838035662,33,0.6276807594300536,-0.2715994905310696
MOGABC,5,2838035662,34,0.22798697091322961,0.34691270668741203
MOGABC,5,2838035662,35,0.19811495075068553,0.5666245666931605
MOGABC,5,2838035662,36,0.004056198148718715,0.9357962306036871
MOGABC,5,2838035662,37,0.04942767186624755,0.7282569678116525
MOGABC,5,2838035662,38,0.045571287119172466,0.7413947562631354
MOGABC,5,2838035662,39,0.024438336152301662,0.8266994226132433
MOGABC,5,2838035662,40,0.637451213577721,-0.38695897415844827
MOGABC,5,2838035662,41,0.6440708129277198,-0.43546969386909196
MOGABC,5,2838035662,42,0.027421711536995214,0.8135972085627401
MOGABC,5,2838035662,43,0.4211947458493913,0.09082026514506442
MOGABC,5,2838035662,44,0.030997147492322005,0.7983043550473898
MOGABC,5,2838035662,45,0.07288665485167399,0.6751803392063581
MOGABC,5,2838035662,46,0.19579433086042736,0.5833075915100436
MOGABC,5,2838035662,47,0.2078136205096771,0.4936325207310862
MOGABC,5,2838035662,48,0.8238964146914488,-0.46972585041310877
MOGABC,5,2838035662,49,0.20064113806775888,0.5480291340976295
MOGABC,5,2838035662,50,0.24986906250120944,0.2502640061696909
MOGABC,5,2838035662,51,0.02076585193527128,0.8432898895287478
MOGABC,5,2838035662,52,0.03400203441915607,0.7858063375711719
MOGABC,5,2838035662,53,0.18669218239329632,0.6437189052208583
MOGABC,5,2838035662,54,0.6493950881592989,-0.45512836527934697
MOGABC,5,2838035662,55,0.0022144841453024403,0.9527877566209211
MOGABC,5,2838035662,56,0.006652178473034974,0.9170590079771787
MOGABC,5,2838035662,57,0.4464752443694555,-0.1051143849307277
MOGABC,5,2838035662,58,0.8370913588289179,-0.6841224397226459
MOGABC,5,2838035662,59,0.22536935464743604,0.36407059256991464
MOGABC,5,2838035662,60,0.04160110126899206,0.7558752050437306
MOGABC,5,2838035662,61,0.19369898070181146,0.5980971589149532
MOGABC,5,2838035662,62,0.24629171054506818,0.25909989146920276
MOGABC,5,2838035662,63,0.22048832240227628,0.39811720543701473
MOGABC,5,2838035662,64,0.20543663850719224,0.5118311909511444
MOGABC,5,2838035662,65,0.2023645500043352,0.5351317914465419
MOGABC,5,2838035662,66,0.6427827507290578,-0.4263985391394473
MOGABC,5,2838035662,67,0.43046484522922873,-0.008009309146762789
MOGABC,5,2838035662,68,0.2237195363593087,0.37530631070527015
MOGABC,5,2838035662,69,0.19173569617523537,0.6113467505108535
MOGABC,5,2838035662,70,0.24261751339853788,0.27131634805332494
MOGABC,5,2838035662,71,0.23773675515930548,0.2921067139897257
MOGABC,5,2838035662,72,0.23532404118464095,0.30414594897561964
MOGABC,5,2838035662,73,0.44773059981195523,-0.11571991388057196
MOGABC,5,2838035662,74,0.03741684797070979,0.7720345123449516
MOGABC,5,2838035662,75,0.0006325918981691103,0.9748360493899377
MOGABC,5,2838035662,76,0.017099861887494107,0.8623400595996216
MOGABC,5,2838035662,77,0.2402399140872616,0.28082246804578614
MOGABC,5,2838035662,78,0.21219837307190725,0.4600065775554878
MOGABC,5,2838035662,79,0.20959058295601507,0.47999145121547343
MOGABC,5,2838035662,80,0.23093109395793682,0.328729910718241
MOGABC,5,2838035662,81,0.05865718714897837,0.7013064390232577
MOGABC,5,2838035662,82,0.00932877257726278,0.9007193964398936
MOGABC,5,2838035662,83,0.20489762308599713,0.5222158735144612
MOGABC,5,2838035662,84,0.4416246518968359,-0.09097387290610959
MOGABC,5,2838035662,85,0.2215719381463611,0.3904561303628658
MOGABC,5,2838035662,86,0.01397154808263805,0.8758612031311467
MOGABC,5,2838035662,87,0.440898987483903,-0.0870022817801227
MOGABC,5,2838035662,88,0.0673231491936956,0.6829359807479409
MOGABC,5,2838035662,89,0.18978508855454063,0.6242208141594453
MOGABC,5,2838035662,90,0.0810255840972826,0.6698608110875144
MOGABC,5,2838035662,91,0.01846175729826257,0.8540085705327594
MOGABC,5,2838035662,92,7.427058040689046e-06,0.9972747353364992
MOGABC,5,2838035662,93,0.4306793464017419,-0.01001153258333387
MOGABC,5,2838035662,94,0.23321348718792498,0.31554983647644586
MOGABC,5,2838035662,95,0.1885558756166733,0.6321098249928265
MOGABC,5,2838035662,96,0.053817671559247465,0.7145825759762285
MOGABC,5,2838035662,97,0.21094252822192894,0.4696194287626835
MOGABC,5,2838035662,98,0.0010328596783825362,0.9678283570655911
MOGABC,5,2838035662,99,0.01219452042572963,0.8850128913029586
MOGABC,5,2838035662,100,0.039233517336286904,0.7649149108185839
